epoch,learning_rate,step,train_iou,train_loss,val_iou,val_loss
0,0.0002000093663809821,49,0.03167933598160744,0.6924282908439636,,
0,0.00020003822282887995,99,0.038543857634067535,0.7106912732124329,,
0,0.0002000865642912686,149,0.055704809725284576,0.6027954816818237,,
0,0.00020015441987197846,199,0.0731460452079773,0.7018241882324219,,
0,0.0002002417459152639,249,0.09564238786697388,0.6175320148468018,,
0,0.00020034858607687056,299,0.1079823225736618,0.634254515171051,,
0,0.00020047489670105278,349,0.09403680264949799,0.6739195585250854,,
0,0.00020062070689164102,399,0.09994419664144516,0.6347532868385315,,
0,0.00020078600209672004,449,0.12223640084266663,0.6047446727752686,,
0,0.00020097076776437461,499,0.11836223304271698,0.6373637914657593,,
0,0.00020117500389460474,549,0.11563514173030853,0.6614295840263367,,
0,0.00020139872503932565,599,0.12651410698890686,0.6429287791252136,,
0,0.0002016419020947069,649,0.1156655102968216,0.6013790369033813,,
0,0.00020190454961266369,699,0.11956221610307693,0.6539410948753357,,
0,0.00020218663848936558,749,0.11566928029060364,0.734966516494751,,
0,0.00020248819782864302,799,0.12316156178712845,0.5198875665664673,,
0,0.00020280918397475034,849,0.13911187648773193,0.6176222562789917,,
0,0.00020314961147960275,899,0.14679300785064697,0.5826812982559204,,
0,0.00020350946579128504,949,0.14461202919483185,0.5679425001144409,,
0,0.00020388873235788196,999,0.13466177880764008,0.6028918623924255,,
0,0.00020428742573130876,1049,0.1419193595647812,0.516756534576416,,
0,0.00020470551680773497,1099,0.13172325491905212,0.6607691645622253,,
1,0.0002051430055871606,1149,0.1195196658372879,0.5496050715446472,,
1,0.00020559986296575516,1199,0.1572030931711197,0.5661923289299011,,
1,0.00020607611804734915,1249,0.14691659808158875,0.5635759830474854,,
1,0.00020657172717619687,1299,0.14434373378753662,0.6196832656860352,,
1,0.00020708669035229832,1349,0.16155532002449036,0.5765485763549805,,
1,0.0002076210075756535,1399,0.15121160447597504,0.5392965078353882,,
1,0.0002081746351905167,1449,0.12873321771621704,0.6101857423782349,,
1,0.00020874760230071843,1499,0.15018893778324127,0.5992079377174377,,
1,0.00020933986525051296,1549,0.14007213711738586,0.564469575881958,,
1,0.0002099514240399003,1599,0.141365185379982,0.5758576393127441,,
1,0.00021058226411696523,1649,0.14127302169799805,0.5739051699638367,,
1,0.00021123238548170775,1699,0.12178677320480347,0.5601322650909424,,
1,0.00021190174447838217,1749,0.15449509024620056,0.5597952604293823,,
1,0.0002125903411069885,1799,0.13537295162677765,0.5283554196357727,,
1,0.0002132981753675267,1849,0.1393485963344574,0.6096382141113281,,
1,0.00021402520360425115,1899,0.133763387799263,0.5503771305084229,,
1,0.0002147714258171618,1949,0.1462225466966629,0.5961617231369019,,
1,0.00021553682745434344,1999,0.15930625796318054,0.5846976041793823,,
1,0.00021632139396388084,2049,0.14326363801956177,0.5446627140045166,,
1,0.00021712509624194354,2099,0.14899395406246185,0.5895045399665833,,
1,0.00021794793428853154,2149,0.15776655077934265,0.5197380781173706,,
1,0.0002187898789998144,2199,0.160533607006073,0.5176031589508057,,
1,,2248,,,0.16136036813259125,0.5614296793937683
2,0.00021965090127196163,2249,0.15259438753128052,0.4955735206604004,,
2,0.00022053100110497326,2299,0.14832311868667603,0.5561822652816772,,
2,0.00022143016394693404,2349,0.16827590763568878,0.5944735407829285,,
2,0.0002223483461420983,2399,0.12877929210662842,0.6553632616996765,,
2,0.00022328554769046605,2449,0.15310266613960266,0.5596080422401428,,
2,0.00022424172493629158,2499,0.1224428117275238,0.6263864636421204,,
2,0.00022521689243149012,2549,0.13708646595478058,0.550204873085022,,
2,0.000226211006520316,2599,0.13919982314109802,0.556343674659729,,
2,0.00022722403809893876,2649,0.14904195070266724,0.5060845613479614,,
2,0.0002282559871673584,2699,0.13177020847797394,0.6135338544845581,,
2,0.00022930682462174445,2749,0.16239500045776367,0.5831232070922852,,
2,0.00023037652135826647,2799,0.13607928156852722,0.5909563302993774,,
2,0.000231465048273094,2849,0.16290447115898132,0.49373236298561096,,
2,0.0002325723908143118,2899,0.13745206594467163,0.5500838756561279,,
2,0.00023369853443000466,2949,0.1443321406841278,0.5388500690460205,,
2,0.00023484343546442688,2999,0.17594239115715027,0.5566236972808838,,
2,0.00023600707936566323,3049,0.16866430640220642,0.49496427178382874,,
2,0.0002371894515817985,3099,0.15488076210021973,0.5581564903259277,,
2,0.00023839049390517175,3149,0.15191586315631866,0.5643236041069031,,
2,0.00023961022088769823,3199,0.16135601699352264,0.5060980916023254,,
2,0.00024084857432171702,3249,0.15521477162837982,0.5147314667701721,,
2,0.0002421055396553129,3299,0.17191433906555176,0.5192492604255676,,
2,0.00024338110233657062,3349,0.1442633867263794,0.5717434287071228,,
2,,3373,,,0.16942965984344482,0.5403839945793152
3,0.0002446752041578293,3399,0.14882850646972656,0.5625302195549011,,
3,0.0002459878451190889,3449,0.13695469498634338,0.6337494850158691,,
3,0.000247318996116519,3499,0.15618591010570526,0.52345210313797,,
3,0.00024866859894245863,3549,0.13414648175239563,0.5307456851005554,,
3,0.00025003665359690785,3599,0.19118835031986237,0.5139126777648926,,
3,0.0002514231309760362,3649,0.16488155722618103,0.5149275064468384,,
3,0.0002528279728721827,3699,0.16709399223327637,0.5399068593978882,,
3,0.00025425117928534746,3749,0.1494084596633911,0.558475911617279,,
3,0.0002556926920078695,3799,0.1682116836309433,0.46554774045944214,,
3,0.0002571525110397488,3849,0.16495288908481598,0.5564542412757874,,
3,0.00025863057817332447,3899,0.14536595344543457,0.5836307406425476,,
3,0.0002601268934085965,3949,0.1659720093011856,0.5005980730056763,,
3,0.00026164136943407357,3999,0.1631772667169571,0.5170271992683411,,
3,0.0002631740353535861,4049,0.1301945149898529,0.5679391026496887,,
3,0.0002647248038556427,4099,0.14053015410900116,0.5420392155647278,,
3,0.00026629367494024336,4149,0.15605543553829193,0.5452633500099182,,
3,0.0002678806195035577,4199,0.15424498915672302,0.5072321891784668,,
3,0.0002694855793379247,4249,0.15088701248168945,0.571617603302002,,
3,0.000271108525339514,4299,0.13971829414367676,0.5723646879196167,,
3,0.0002727494575083256,4349,0.155547097325325,0.5548005104064941,,
3,0.00027440828853286803,4399,0.16064795851707458,0.4842223823070526,,
3,0.0002760849893093109,4449,0.15755757689476013,0.5372778177261353,,
3,,4498,,,0.1765562891960144,0.5284296274185181
4,0.00027777955983765423,4499,0.174478679895401,0.4997728765010834,,
4,0.0002794919419102371,4549,0.16973523795604706,0.5500977635383606,,
4,0.0002812220773193985,4599,0.1735689342021942,0.5295813679695129,,
4,0.0002829699660651386,4649,0.15226289629936218,0.45933082699775696,,
4,0.00028473554993979633,4699,0.1525997668504715,0.5433679223060608,,
4,0.0002865187998395413,4749,0.17150527238845825,0.5945063233375549,,
4,0.0002883196866605431,4799,0.1815992295742035,0.5179016590118408,,
4,0.00029013812309131026,4849,0.14911040663719177,0.5712124109268188,,
4,0.0002919741382356733,4899,0.15623146295547485,0.5591898560523987,,
4,0.00029382764478214085,4949,0.15882153809070587,0.5227131247520447,,
4,0.000295698584523052,4999,0.1561165750026703,0.5320556163787842,,
4,0.00029758698656223714,5049,0.18775033950805664,0.5137360095977783,,
4,0.000299492763588205,5099,0.17667126655578613,0.5577757954597473,,
4,0.00030141585739329457,5149,0.17944690585136414,0.5045323967933655,,
4,0.0003033562970813364,5199,0.14996463060379028,0.5762385129928589,,
4,0.00030531396623700857,5249,0.19265541434288025,0.46353986859321594,,
4,0.0003072888357564807,5299,0.16384288668632507,0.5859781503677368,,
4,0.00030928090563975275,5349,0.14277444779872894,0.5357493758201599,,
4,0.00031129008857533336,5399,0.16526594758033752,0.5380004048347473,,
4,0.00031331635545939207,5449,0.16625533998012543,0.5609769821166992,,
4,0.00031535967718809843,5499,0.1829424351453781,0.4577028155326843,,
4,0.0003174199955537915,5549,0.17189601063728333,0.46959906816482544,,
4,0.00031949725234881043,5599,0.16652165353298187,0.5405727028846741,,
4,,5623,,,0.1824217438697815,0.517733633518219
5,0.0003215914184693247,5649,0.15841132402420044,0.5939265489578247,,
5,0.0003237024648115039,5699,0.17634376883506775,0.4524315893650055,,
5,0.00032583033316768706,5749,0.16117966175079346,0.500724732875824,,
5,0.00032797493622638285,5799,0.2027471959590912,0.49356555938720703,,
5,0.0003301363030914217,5849,0.1712418496608734,0.49631252884864807,,
5,0.00033231431734748185,5899,0.16390928626060486,0.5235061645507812,,
5,0.0003345089789945632,5949,0.18451794981956482,0.5038681030273438,,
5,0.0003367202007211745,5999,0.16570734977722168,0.5086928009986877,,
5,0.0003389479825273156,6049,0.1583157181739807,0.5314382314682007,,
5,0.00034119223710149527,6099,0.17298346757888794,0.5447261929512024,,
5,0.00034345293533988297,6149,0.15962722897529602,0.49893102049827576,,
5,0.0003457300190348178,6199,0.1788683831691742,0.5357645153999329,,
5,0.00034802345908246934,6249,0.15340226888656616,0.5055597424507141,,
5,0.0003503331681713462,6299,0.16667377948760986,0.5786875486373901,,
5,0.00035265914630144835,6349,0.1538185477256775,0.5450981259346008,,
5,0.000355001277057454,6399,0.16566725075244904,0.5220080614089966,,
5,0.0003573595604393631,6449,0.176848903298378,0.4881647527217865,,
5,0.00035973393823951483,6499,0.18241405487060547,0.46596798300743103,,
5,0.0003621243522502482,6549,0.16224077343940735,0.5369119644165039,,
5,0.0003645307442639023,6599,0.17987322807312012,0.4757022559642792,,
5,0.0003669530851766467,6649,0.15499942004680634,0.4975487291812897,,
5,0.00036939128767699003,6699,0.19136035442352295,0.5203292965888977,,
5,,6748,,,0.18893052637577057,0.5085581541061401
6,0.0003718453226611018,6749,0.1757354587316513,0.4977361559867859,,
6,0.00037431513192132115,6799,0.1880422681570053,0.4970201551914215,,
6,0.0003768006572499871,6849,0.16769897937774658,0.45541203022003174,,
6,0.0003793018404394388,6899,0.1858808547258377,0.5089437365531921,,
6,0.0003818186523858458,6949,0.15110817551612854,0.5225609540939331,,
6,0.00038435100577771664,6999,0.18679490685462952,0.4585624635219574,,
6,0.00038689887151122093,7049,0.1766609400510788,0.5246879458427429,,
6,0.00038946219137869775,7099,0.1782897263765335,0.43170568346977234,,
6,0.0003920409071724862,7149,0.18275049328804016,0.5238057971000671,,
6,0.0003946349606849253,7199,0.14396017789840698,0.5239591002464294,,
6,0.0003972442646045238,7249,0.17338071763515472,0.4257533848285675,,
6,0.00039986881893128157,7299,0.18862603604793549,0.4435301125049591,,
6,0.0004025085363537073,7349,0.1460629254579544,0.5108722448348999,,
6,0.0004051633586641401,7399,0.17382045090198517,0.49507108330726624,,
6,0.0004078332567587495,7449,0.1797260344028473,0.5361235737800598,,
6,0.0004105181142222136,7499,0.18351683020591736,0.4806332588195801,,
6,0.00041321793105453253,7549,0.1776430904865265,0.5644456148147583,,
6,0.0004159326199442148,7599,0.19035828113555908,0.5450184345245361,,
6,0.0004186621226835996,7649,0.1849583387374878,0.5130938291549683,,
6,0.0004214063810650259,7699,0.1662987470626831,0.5057520270347595,,
6,0.0004241653368808329,7749,0.15899783372879028,0.5270790457725525,,
6,0.0004269389610271901,7799,0.16686499118804932,0.5191197991371155,,
6,0.00042972713708877563,7849,0.17665469646453857,0.5399020910263062,,
6,,7873,,,0.195265531539917,0.5005346536636353
7,0.0004325298359617591,7899,0.17897672951221466,0.47622808814048767,,
7,0.00043534699943847954,7949,0.1938980370759964,0.5128492116928101,,
7,0.0004381785693112761,7999,0.18559157848358154,0.45281797647476196,,
7,0.0004410244873724878,8049,0.1982027292251587,0.47778141498565674,,
7,0.00044388463720679283,8099,0.2231104075908661,0.4983028769493103,,
7,0.0004467590479180217,8149,0.17182829976081848,0.5424143671989441,,
7,0.00044964757398702204,8199,0.1513289213180542,0.4842773675918579,,
7,0.0004525502154137939,8249,0.18241789937019348,0.49504604935646057,,
7,0.0004554668557830155,8299,0.1609542965888977,0.5137211084365845,,
7,0.00045839749509468675,8349,0.19152723252773285,0.4294465482234955,,
7,0.0004613419878296554,8399,0.15820759534835815,0.5019594430923462,,
7,0.00046430036309175193,8449,0.17078226804733276,0.4369412064552307,,
7,0.00046727247536182404,8499,0.1610812544822693,0.4949258863925934,,
7,0.00047025829553604126,8549,0.16970790922641754,0.5180740356445312,,
7,0.0004732577654067427,8599,0.17610174417495728,0.5502249002456665,,
7,0.0004762708267662674,8649,0.1857856810092926,0.5756659507751465,,
7,0.00047929739230312407,8699,0.17793706059455872,0.4411143958568573,,
7,0.0004823373747058213,8749,0.1749369204044342,0.5091919898986816,,
7,0.00048539077397435904,8799,0.17651695013046265,0.547898530960083,,
7,0.000488457502797246,8849,0.16377609968185425,0.5522865653038025,,
7,0.0004915374447591603,8899,0.2067546248435974,0.4978007972240448,,
7,0.000494630541652441,8949,0.16028830409049988,0.5723663568496704,,
7,,8998,,,0.20209170877933502,0.49160557985305786
8,0.0004977367934770882,8999,0.18109282851219177,0.5316382050514221,,
8,0.00050085608381778,9049,0.1554725021123886,0.5131911039352417,,
8,0.0005039883544668555,9099,0.1687767505645752,0.5335062742233276,,
8,0.0005071335472166538,9149,0.18377083539962769,0.4719737768173218,,
8,0.0005102915456518531,9199,0.1893618255853653,0.4328111410140991,,
8,0.0005134623497724533,9249,0.21138213574886322,0.4616720676422119,,
8,0.0005166458431631327,9299,0.19077089428901672,0.4927837550640106,,
8,0.0005198420258238912,9349,0.17603036761283875,0.4446808993816376,,
8,0.000523050723131746,9399,0.19505369663238525,0.48757243156433105,,
8,0.0005262719350866973,9449,0.17302627861499786,0.5184934139251709,,
8,0.0005295055452734232,9499,0.19536888599395752,0.527056097984314,,
8,0.0005327515536919236,9549,0.1898929476737976,0.39754238724708557,,
8,0.0005360098439268768,9599,0.18739232420921326,0.4825427532196045,,
8,0.0005392803577706218,9649,0.1787049025297165,0.5074280500411987,,
8,0.0005425629788078368,9699,0.1906333714723587,0.5565353035926819,,
8,0.0005458577070385218,9749,0.19693931937217712,0.514108419418335,,
8,0.0005491644842550159,9799,0.18840736150741577,0.43020346760749817,,
8,0.0005524831358343363,9849,0.16763922572135925,0.5390928387641907,,
8,0.0005558136617764831,9899,0.16549867391586304,0.5869278907775879,,
8,0.0005591559456661344,9949,0.14430536329746246,0.440723717212677,,
8,0.0005625099875032902,9999,0.1910548210144043,0.42574694752693176,,
8,0.0005658756708726287,10049,0.19343215227127075,0.44525784254074097,,
8,0.0005692528793588281,10099,0.17206741869449615,0.5662649869918823,,
8,,10123,,,0.20776252448558807,0.4843452274799347
9,0.0005726416129618883,10149,0.18124684691429138,0.563795804977417,,
9,0.0005760418134741485,10199,0.1684214174747467,0.5160911679267883,,
9,0.0005794533062726259,10249,0.17656506597995758,0.4138055741786957,,
9,0.0005828760913573205,10299,0.18476074934005737,0.5612404942512512,,
9,0.0005863101105205715,10349,0.17819593846797943,0.5969322919845581,,
9,0.000589755189139396,10399,0.17470192909240723,0.5356388688087463,,
9,0.0005932113854214549,10449,0.18602070212364197,0.49109113216400146,,
9,0.0005966785247437656,10499,0.2409408986568451,0.43549844622612,,
9,0.000600156607106328,10549,0.19347096979618073,0.43730950355529785,,
9,0.0006036454578861594,10599,0.20240092277526855,0.4723653793334961,,
9,0.0006071451352909207,10649,0.1961863934993744,0.5215772986412048,,
9,0.0006106554064899683,10699,0.17665545642375946,0.5483922362327576,,
9,0.000614176329690963,10749,0.1852138638496399,0.46757394075393677,,
9,0.0006177077884785831,10799,0.19359707832336426,0.5019756555557251,,
9,0.0006212496664375067,10849,0.17994827032089233,0.5629769563674927,,
9,0.0006248019053600729,10899,0.16089829802513123,0.5414799451828003,,
9,0.0006283645052462816,10949,0.19086894392967224,0.5064299702644348,,
9,0.0006319372332654893,10999,0.16435137391090393,0.49244195222854614,,
9,0.0006355201476253569,11049,0.20420940220355988,0.4384334683418274,,
9,0.0006391131319105625,11099,0.19778785109519958,0.49436327815055847,,
9,0.0006427160697057843,11149,0.19564494490623474,0.4545570909976959,,
9,0.0006463289610110223,11199,0.19077566266059875,0.5467294454574585,,
9,,11248,,,0.21432949602603912,0.4768003821372986
10,0.0006499516312032938,11249,0.2041548490524292,0.4836602210998535,,
10,0.0006535840802825987,11299,0.22307175397872925,0.44961318373680115,,
10,0.0006572261918336153,11349,0.21057775616645813,0.5413947105407715,,
10,0.0006608778494410217,11399,0.19677254557609558,0.5825400352478027,,
10,0.0006645391113124788,11449,0.185861274600029,0.5553874373435974,,
10,0.000668209744617343,11499,0.22280381619930267,0.41486579179763794,,
10,0.0006718897493556142,11549,0.22978103160858154,0.48768988251686096,,
10,0.0006755790091119707,11599,0.23054975271224976,0.44285523891448975,,
10,0.0006792774656787515,11649,0.23216229677200317,0.4680662453174591,,
10,0.0006829850608482957,11699,0.21913839876651764,0.4983835220336914,,
10,0.0006867016782052815,11749,0.19007328152656555,0.4350428879261017,,
10,0.000690427259542048,11799,0.19611641764640808,0.47670140862464905,,
10,0.0006941616884432733,11849,0.16893994808197021,0.5305902361869812,,
10,0.0006979049067012966,11899,0.19835469126701355,0.4630364179611206,,
10,0.0007016568561084569,11949,0.20612725615501404,0.5279224514961243,,
10,0.0007054174202494323,11999,0.21847271919250488,0.5129901170730591,,
10,0.0007091865409165621,12049,0.16922733187675476,0.4687213897705078,,
10,0.0007129641599021852,12099,0.18616622686386108,0.5304499864578247,,
10,0.000716750102583319,12149,0.171926349401474,0.533372700214386,,
10,0.0007205443689599633,12199,0.1866067349910736,0.4751741290092468,,
10,0.0007243469008244574,12249,0.2218966782093048,0.4661843478679657,,
10,0.0007281575235538185,12299,0.19917955994606018,0.47311362624168396,,
10,0.0007319762371480465,12349,0.22652849555015564,0.4575282335281372,,
10,,12373,,,0.2178526520729065,0.4715714752674103
11,0.0007358028669841588,12399,0.18264618515968323,0.46559953689575195,,
11,0.0007396374130621552,12449,0.22327028214931488,0.4858115315437317,,
11,0.0007434797589667141,12499,0.18134936690330505,0.47026345133781433,,
11,0.0007473298464901745,12549,0.16430789232254028,0.5526769757270813,,
11,0.0007511875592172146,12599,0.22678717970848083,0.42757678031921387,,
11,0.0007550528389401734,12649,0.1939866840839386,0.49735382199287415,,
11,0.0007589255692437291,12699,0.19835005700588226,0.5695725083351135,,
11,0.0007628057501278818,12749,0.19496482610702515,0.5095326900482178,,
11,0.0007666931487619877,12799,0.17946597933769226,0.43632352352142334,,
11,0.0007705878233537078,12849,0.215360626578331,0.4569851756095886,,
11,0.0007744896574877203,12899,0.18393513560295105,0.5251317620277405,,
11,0.0007783984765410423,12949,0.18974027037620544,0.41682350635528564,,
11,0.000782314280513674,12999,0.20881162583827972,0.4628410041332245,,
11,0.0007862370111979544,13049,0.22263337671756744,0.4681946039199829,,
11,0.0007901664939709008,13099,0.19378498196601868,0.4477134048938751,,
11,0.0007941026706248522,13149,0.20150509476661682,0.4492456614971161,,
11,0.0007980455411598086,13199,0.1816963404417038,0.46807152032852173,,
11,0.0008019949309527874,13249,0.2049250602722168,0.48993533849716187,,
11,0.0008059507235884666,13299,0.23481476306915283,0.5365870594978333,,
11,0.0008099129190668464,13349,0.24155159294605255,0.41744452714920044,,
11,0.0008138814009726048,13399,0.23231141269207,0.4548349380493164,,
11,0.0008178561110980809,13449,0.1864418089389801,0.46887555718421936,,
11,,13498,,,0.22507216036319733,0.46437713503837585
12,0.000821836874820292,13499,0.19924898445606232,0.43346071243286133,,
12,0.0008258236921392381,13549,0.1771664321422577,0.5024496912956238,,
12,0.0008298165048472583,13599,0.17152172327041626,0.4741261303424835,,
12,0.000833815080113709,13649,0.19748643040657043,0.41491663455963135,,
12,0.000837819476146251,13699,0.219024196267128,0.4708591103553772,,
12,0.0008418295183219016,13749,0.23289713263511658,0.40261274576187134,,
12,0.0008458452066406608,13799,0.21680094301700592,0.4304615259170532,,
12,0.0008498663664795458,13849,0.18560415506362915,0.46814215183258057,,
12,0.0008538929396308959,13899,0.1660071462392807,0.5618599057197571,,
12,0.000857924809679389,13949,0.2210010439157486,0.5012011528015137,,
12,0.0008619619766250253,13999,0.17223994433879852,0.5522342324256897,,
12,0.0008660042658448219,14049,0.1769983321428299,0.4734500050544739,,
12,0.000870051677338779,14099,0.22103947401046753,0.501122236251831,,
12,0.0008741040364839137,14149,0.2026265412569046,0.5152802467346191,,
12,0.0008781612850725651,14199,0.1681983470916748,0.5711967349052429,,
12,0.0008822233066894114,14249,0.23493926227092743,0.4008139371871948,,
12,0.0008862901013344526,14299,0.23378707468509674,0.49345168471336365,,
12,0.000890361494384706,14349,0.20373454689979553,0.5003931522369385,,
12,0.0008944374276325107,14399,0.2137933373451233,0.49419310688972473,,
12,0.0008985178428702056,14449,0.20617255568504333,0.44705137610435486,,
12,0.0009026026236824691,14499,0.19050830602645874,0.5147535800933838,,
12,0.0009066916536539793,14549,0.20132067799568176,0.3965372145175934,,
12,0.0009107848745770752,14599,0.23442524671554565,0.47292232513427734,,
12,,14623,,,0.23028181493282318,0.45747193694114685
13,0.000914882228244096,14649,0.2206241935491562,0.4731687307357788,,
13,0.000918983540032059,14699,0.2114289253950119,0.4603424668312073,,
13,0.000923088809940964,14749,0.2004130333662033,0.5048909187316895,,
13,0.0009271979215554893,14799,0.17681938409805298,0.402698814868927,,
13,0.0009313107584603131,14849,0.2044222354888916,0.46835699677467346,,
13,0.0009354272042401135,14899,0.2379748523235321,0.4780440330505371,,
13,0.0009395472588948905,14949,0.2608872950077057,0.4432123303413391,,
13,0.0009436708060093224,14999,0.2382591962814331,0.468170166015625,,
13,0.0009477977291680872,15049,0.23218131065368652,0.43242111802101135,,
13,0.0009519279119558632,15099,0.23193228244781494,0.46572402119636536,,
13,0.0009560613543726504,15149,0.2135067731142044,0.43040013313293457,,
13,0.000960197881795466,15199,0.20900914072990417,0.43337059020996094,,
13,0.000964337436016649,15249,0.219608873128891,0.48062801361083984,,
13,0.0009684799588285387,15299,0.20048066973686218,0.45031484961509705,,
13,0.0009726253338158131,15349,0.24842824041843414,0.40718963742256165,,
13,0.0009767734445631504,15399,0.23598437011241913,0.45611441135406494,,
13,0.0009809242328628898,15449,0.24395400285720825,0.47183534502983093,,
13,0.0009850775822997093,15499,0.21716925501823425,0.44771382212638855,,
13,0.000989233492873609,15549,0.2316519320011139,0.49145931005477905,,
13,0.0009933917317539454,15599,0.20623213052749634,0.49571871757507324,,
13,0.0009975522989407182,15649,0.1970863938331604,0.4589310884475708,,
13,0.0010017150780186057,15699,0.17944830656051636,0.45760706067085266,,
13,,15748,,,0.23347970843315125,0.4535389244556427
14,0.0010058799525722861,15749,0.2351030856370926,0.39265120029449463,,
14,0.0010100469226017594,15799,0.1924232393503189,0.4942627549171448,,
14,0.001014215755276382,15849,0.2057955265045166,0.4877065122127533,,
14,0.0010183865670114756,15899,0.2388697862625122,0.3849901258945465,,
14,0.0010225591249763966,15949,0.215168759226799,0.49551936984062195,,
14,0.0010267333127558231,15999,0.22425179183483124,0.5195985436439514,,
14,0.0010309090139344335,16049,0.19231531023979187,0.4762918949127197,,
14,0.0010350863449275494,16099,0.21710847318172455,0.5418747663497925,,
14,0.0010392650729045272,16149,0.16781708598136902,0.46718499064445496,,
14,0.0010434450814500451,16199,0.22553715109825134,0.4198167324066162,,
14,0.0010476262541487813,16249,0.16021376848220825,0.5641835927963257,,
14,0.0010518087074160576,16299,0.20670562982559204,0.46079519391059875,,
14,0.0010559920920059085,16349,0.21521461009979248,0.47110360860824585,,
14,0.001060176407918334,16399,0.2375621795654297,0.4673382341861725,,
14,0.0010643616551533341,16449,0.21748530864715576,0.4669055938720703,,
14,0.0010685476008802652,16499,0.22284308075904846,0.4360852837562561,,
14,0.0010727343615144491,16549,0.23729445040225983,0.46120333671569824,,
14,0.0010769215878099203,16599,0.21051764488220215,0.4738156497478485,,
14,0.0010811093961820006,16649,0.2305506318807602,0.428433358669281,,
14,0.0010852975538000464,16699,0.1823432743549347,0.42543309926986694,,
14,0.0010894860606640577,16749,0.2090502679347992,0.5019316077232361,,
14,0.0010936748003587127,16799,0.22439779341220856,0.4528878927230835,,
14,0.0010978636564686894,16849,0.21202144026756287,0.5003676414489746,,
14,,16873,,,0.23752330243587494,0.4489683210849762
15,0.0011020525125786662,16899,0.22516117990016937,0.5029832720756531,,
15,0.0011062414851039648,16949,0.23524679243564606,0.4621748626232147,,
15,0.001110430108383298,16999,0.1972692757844925,0.4492357671260834,,
15,0.0011146186152473092,17049,0.2400103360414505,0.4363548457622528,,
15,0.0011188068892806768,17099,0.19122099876403809,0.44264116883277893,,
15,0.0011229945812374353,17149,0.18418508768081665,0.4760630130767822,,
15,0.0011271819239482284,17199,0.22054265439510345,0.45122238993644714,,
15,0.0011313685681670904,17249,0.24305661022663116,0.3840010166168213,,
15,0.0011355546303093433,17299,0.22355344891548157,0.43425270915031433,,
15,0.0011397398775443435,17349,0.21179503202438354,0.43570762872695923,,
15,0.0011439243098720908,17399,0.20359669625759125,0.472248375415802,,
15,0.0011481076944619417,17449,0.22462426126003265,0.4317789375782013,,
15,0.0011522900313138962,17499,0.21261923015117645,0.48601043224334717,,
15,0.0011564713204279542,17549,0.21683870255947113,0.405059814453125,,
15,0.0011606513289734721,17599,0.21519342064857483,0.492330402135849,,
15,0.00116483005695045,17649,0.24469026923179626,0.4154791533946991,,
15,0.0011690073879435658,17699,0.22029714286327362,0.38537847995758057,,
15,0.001173183205537498,17749,0.24789804220199585,0.4904957413673401,,
15,0.0011773575097322464,17799,0.21490100026130676,0.5149780511856079,,
15,0.0011815300676971674,17849,0.2313658595085144,0.395765095949173,,
15,0.0011857007630169392,17899,0.2475685477256775,0.42666590213775635,,
15,0.0011898697121068835,17949,0.22822444140911102,0.44864603877067566,,
15,,17998,,,0.24214497208595276,0.4440865218639374
16,0.0011940366821363568,17999,0.17938265204429626,0.4882604479789734,,
16,0.001198201673105359,18049,0.23393318057060242,0.5004695057868958,,
16,0.0012023645685985684,18099,0.2334452122449875,0.443044513463974,,
16,0.0012065251357853413,18149,0.2384720891714096,0.4587404727935791,,
16,0.0012106833746656775,18199,0.2599408030509949,0.4459877014160156,,
16,0.0012148392852395773,18249,0.20344915986061096,0.47174346446990967,,
16,0.0012189927510917187,18299,0.21889841556549072,0.48201847076416016,,
16,0.001223143539391458,18349,0.25549614429473877,0.3942732512950897,,
16,0.0012272917665541172,18399,0.2418062388896942,0.36334124207496643,,
16,0.0012314371997490525,18449,0.1813325136899948,0.48885253071784973,,
16,0.0012355797225609422,18499,0.22754761576652527,0.4682007133960724,,
16,0.0012397193349897861,18549,0.24275968968868256,0.4282059073448181,,
16,0.0012438559206202626,18599,0.24372388422489166,0.46231144666671753,,
16,0.0012479894794523716,18649,0.20985201001167297,0.49854743480682373,,
16,0.0012521196622401476,18699,0.22294747829437256,0.5093162655830383,,
16,0.0012562467018142343,18749,0.17872318625450134,0.5240610241889954,,
16,0.0012603702489286661,18799,0.22948208451271057,0.48892998695373535,,
16,0.001264490419998765,18849,0.219618022441864,0.40245455503463745,,
16,0.0012686069821938872,18899,0.23982372879981995,0.382638543844223,,
16,0.0012727199355140328,18949,0.21933728456497192,0.4464762210845947,,
16,0.0012768290471285582,18999,0.23473764955997467,0.4570934474468231,,
16,0.001280934433452785,19049,0.23999324440956116,0.4725022315979004,,
16,0.001285035745240748,19099,0.226824089884758,0.4788980484008789,,
16,,19123,,,0.24487482011318207,0.44041556119918823
17,0.0012891332153230906,19149,0.27263757586479187,0.3792177736759186,,
17,0.0012932264944538474,19199,0.23765018582344055,0.4934840500354767,,
17,0.0012973156990483403,19249,0.2344675064086914,0.4833389222621918,,
17,0.0013014004798606038,19299,0.19867444038391113,0.4987680912017822,,
17,0.0013054809533059597,19349,0.274630606174469,0.3823230266571045,,
17,0.0013095570029690862,19399,0.2471044510602951,0.4605356752872467,,
17,0.0013136285124346614,19449,0.22171242535114288,0.4376896917819977,,
17,0.0013176953652873635,19499,0.21847164630889893,0.49876704812049866,,
17,0.0013217575615271926,19549,0.2258945107460022,0.4122866988182068,,
17,0.001325814868323505,19599,0.21111884713172913,0.46183010935783386,,
17,0.0013298672856763005,19649,0.20221132040023804,0.43212008476257324,,
17,0.0013339148135855794,19699,0.205470010638237,0.45368692278862,,
17,0.0013379572192206979,19749,0.27380216121673584,0.40257325768470764,,
17,0.001341994502581656,19799,0.23549391329288483,0.41679349541664124,,
17,0.0013460265472531319,19849,0.23156216740608215,0.4427366554737091,,
17,0.0013500532368198037,19899,0.2150292992591858,0.5013467073440552,,
17,0.0013540744548663497,19949,0.22341403365135193,0.4894809424877167,,
17,0.0013580902013927698,19999,0.23735342919826508,0.4503760039806366,,
17,0.0013621003599837422,20049,0.2036527544260025,0.4323420226573944,,
17,0.001366104930639267,20099,0.2352348268032074,0.3225197494029999,,
17,0.0013701035641133785,20149,0.22023102641105652,0.48373177647590637,,
17,0.0013740964932367206,20199,0.23395255208015442,0.36597293615341187,,
17,,20248,,,0.24938954412937164,0.43579810857772827
18,0.0013780833687633276,20249,0.22912436723709106,0.5068920254707336,,
18,0.0013820643071085215,20299,0.24956053495407104,0.35889697074890137,,
18,0.0013860391918569803,20349,0.22705045342445374,0.4678858816623688,,
18,0.0013900077901780605,20399,0.24618978798389435,0.3879265785217285,,
18,0.001393970102071762,20449,0.24412548542022705,0.4231070876121521,,
18,0.0013979260111227632,20499,0.2383638471364975,0.35699301958084106,,
18,0.0014018755173310637,20549,0.22776299715042114,0.401451975107193,,
18,0.001405818504281342,20599,0.2039058357477188,0.42851707339286804,,
18,0.0014097548555582762,20649,0.25319552421569824,0.47711625695228577,,
18,0.0014136844547465444,20699,0.21896857023239136,0.44092676043510437,,
18,0.0014176073018461466,20749,0.21980547904968262,0.45820093154907227,,
18,0.001421523280441761,20799,0.23354825377464294,0.4326431155204773,,
18,0.0014254322741180658,20849,0.2483641803264618,0.45161595940589905,,
18,0.0014293341664597392,20899,0.2299504280090332,0.45879843831062317,,
18,0.0014332289574667811,20949,0.24771252274513245,0.4939684569835663,,
18,0.0014371165307238698,20999,0.220567986369133,0.42519935965538025,,
18,0.0014409968862310052,21049,0.22576630115509033,0.39353668689727783,,
18,0.0014448697911575437,21099,0.22170490026474,0.4456457793712616,,
18,0.0014487352455034852,21149,0.28080907464027405,0.34188172221183777,,
18,0.0014525930164381862,21199,0.25911587476730347,0.4493081271648407,,
18,0.0014564433367922902,21249,0.2418690174818039,0.4481668770313263,,
18,0.0014602858573198318,21299,0.22748936712741852,0.4427061676979065,,
18,0.0014641204616054893,21349,0.2378326952457428,0.4547712206840515,,
18,,21373,,,0.25118720531463623,0.43341758847236633
19,0.001467947382479906,21399,0.2628057301044464,0.3028368651866913,,
19,0.001471766154281795,21449,0.24326565861701965,0.4398956298828125,,
19,0.0014755770098417997,21499,0.22150878608226776,0.47787928581237793,,
19,0.0014793795999139547,21549,0.24484026432037354,0.532221257686615,,
19,0.0014831740409135818,21599,0.25224462151527405,0.4250132441520691,,
19,0.0014869602164253592,21649,0.22675766050815582,0.43236830830574036,,
19,0.0014907380100339651,21699,0.2520906925201416,0.41797882318496704,,
19,0.0014945073053240776,21749,0.2807106375694275,0.44293898344039917,,
19,0.001498267985880375,21799,0.23743396997451782,0.5111314654350281,,
19,0.0015020201681181788,21849,0.24247576296329498,0.4550707936286926,,
19,0.001505763502791524,21899,0.27715444564819336,0.443986713886261,,
19,0.001509498106315732,21949,0.2268151491880417,0.4336037039756775,,
19,0.0015132238622754812,21999,0.23661363124847412,0.42241063714027405,,
19,0.0015169406542554498,22049,0.2611101269721985,0.4557000398635864,,
19,0.0015206484822556376,22099,0.22670122981071472,0.4290735721588135,,
19,0.0015243471134454012,22149,0.22487559914588928,0.3856208324432373,,
19,0.0015280365478247404,22199,0.2415304034948349,0.3980686664581299,,
19,0.0015317167853936553,22249,0.2324104756116867,0.49866771697998047,,
19,0.0015353875933215022,22299,0.2130766659975052,0.40564799308776855,,
19,0.0015390489716082811,22349,0.22948449850082397,0.45783481001853943,,
19,0.001542700920253992,22399,0.2604801058769226,0.45088815689086914,,
19,0.0015463432064279914,22449,0.21567049622535706,0.44992440938949585,,
19,,22498,,,0.25458788871765137,0.4303749203681946
20,0.001549975830130279,22499,0.2096998393535614,0.4903678894042969,,
20,0.0015535986749455333,22549,0.23796385526657104,0.43111515045166016,,
20,0.001557211740873754,22599,0.2539399266242981,0.39954638481140137,,
20,0.0015608149114996195,22649,0.18958154320716858,0.4270828366279602,,
20,0.0015644080704078078,22699,0.2676926851272583,0.42317435145378113,,
20,0.001567991217598319,22749,0.22555041313171387,0.4896835684776306,,
20,0.0015715641202405095,22799,0.2477695792913437,0.3872976303100586,,
20,0.001575126894749701,22849,0.2510907053947449,0.47418996691703796,,
20,0.0015786794247105718,22899,0.21898473799228668,0.40468934178352356,,
20,0.001582221477292478,22949,0.23214244842529297,0.4654711186885834,,
20,0.0015857531689107418,22999,0.2662411332130432,0.3996499478816986,,
20,0.0015892742667347193,23049,0.2161368727684021,0.48569929599761963,,
20,0.0015927847707644105,23099,0.265435129404068,0.4189896285533905,,
20,0.0015962846809998155,23149,0.19439512491226196,0.41959989070892334,,
20,0.0015997737646102905,23199,0.2280382513999939,0.456940621137619,,
20,0.0016032520215958357,23249,0.24908548593521118,0.4209747612476349,,
20,0.0016067193355411291,23299,0.22767916321754456,0.39786604046821594,,
20,0.0016101758228614926,23349,0.2535437345504761,0.42990005016326904,,
20,0.0016136211343109608,23399,0.26971447467803955,0.42941537499427795,,
20,0.0016170553863048553,23449,0.2532012462615967,0.4312802851200104,,
20,0.0016204783460125327,23499,0.21051928400993347,0.4714750349521637,,
20,0.0016238901298493147,23549,0.2582804560661316,0.4421362280845642,,
20,0.0016272905049845576,23599,0.20893672108650208,0.4286344051361084,,
20,,23623,,,0.2569952607154846,0.42678767442703247
21,0.0016306794714182615,23649,0.266689270734787,0.40813127160072327,,
21,0.0016340569127351046,23699,0.18327537178993225,0.4868502914905548,,
21,0.0016374228289350867,23749,0.22223567962646484,0.4885752201080322,,
21,0.0016407771036028862,23799,0.26199522614479065,0.45743128657341003,,
21,0.0016441196203231812,23849,0.25658831000328064,0.39675915241241455,,
21,0.0016474503790959716,23899,0.22770008444786072,0.3845507800579071,,
21,0.0016507692635059357,23949,0.23368008434772491,0.46784812211990356,,
21,0.0016540762735530734,23999,0.26688727736473083,0.43173930048942566,,
21,0.0016573711764067411,24049,0.25872892141342163,0.369514524936676,,
21,0.0016606540884822607,24099,0.22423960268497467,0.4364699721336365,,
21,0.0016639248933643103,24149,0.21818721294403076,0.4091237485408783,,
21,0.0016671833582222462,24199,0.23838192224502563,0.4664449393749237,,
21,0.0016704295994713902,24249,0.21844525635242462,0.39257189631462097,,
21,0.0016736635006964207,24299,0.25941169261932373,0.4220377206802368,,
21,0.0016768849454820156,24349,0.1876484602689743,0.537074089050293,,
21,0.001680093933828175,24399,0.23271068930625916,0.4615219533443451,,
21,0.0016832903493195772,24449,0.22550058364868164,0.4706883728504181,,
21,0.0016864740755409002,24499,0.2583918571472168,0.4710233807563782,,
21,0.001689645112492144,24549,0.2387528419494629,0.45323094725608826,,
21,0.0016928034601733088,24599,0.2905825674533844,0.40941423177719116,,
21,0.0016959488857537508,24649,0.24942632019519806,0.4305531084537506,,
21,0.00169908138923347,24699,0.26350367069244385,0.4184771180152893,,
21,,24748,,,0.25802066922187805,0.42538025975227356
22,0.0017022009706124663,24749,0.24998265504837036,0.4126323163509369,,
22,0.0017053073970600963,24799,0.24230626225471497,0.4666745364665985,,
22,0.0017084007849916816,24849,0.25288063287734985,0.4010891318321228,,
22,0.0017114810179919004,24899,0.2503509521484375,0.4491211175918579,,
22,0.001714547979645431,24949,0.2628675401210785,0.3644612729549408,,
22,0.0017176016699522734,24999,0.25245168805122375,0.3951491415500641,,
22,0.0017206419724971056,25049,0.2116541564464569,0.5028724670410156,,
22,0.001723668770864606,25099,0.23150482773780823,0.4467424750328064,,
22,0.0017266820650547743,25149,0.24941936135292053,0.37414756417274475,,
22,0.0017296818550676107,25199,0.2589069604873657,0.4087672531604767,,
22,0.0017326679080724716,25249,0.21955502033233643,0.4685879945755005,,
22,0.0017356403404846787,25299,0.2689672112464905,0.35263994336128235,,
22,0.0017385989194735885,25349,0.27493447065353394,0.43703532218933105,,
22,0.0017415437614545226,25399,0.2679380178451538,0.4456799328327179,,
22,0.0017444746335968375,25449,0.23301181197166443,0.4271465837955475,,
22,0.001747391652315855,25499,0.23645007610321045,0.4933897852897644,,
22,0.0017502944683656096,25549,0.24661514163017273,0.4413130283355713,,
22,0.001753183314576745,25599,0.2497556358575821,0.40816769003868103,,
22,0.0017560579581186175,25649,0.2479388564825058,0.46685394644737244,,
22,0.001758918515406549,25699,0.2419971078634262,0.4286009669303894,,
22,0.0017617646371945739,25749,0.26306191086769104,0.38510677218437195,,
22,0.001764596556313336,25799,0.2474670112133026,0.4369640648365021,,
22,0.0017674139235168695,25849,0.2567233443260193,0.4587530791759491,,
22,,25873,,,0.2600584030151367,0.4238174557685852
23,0.0017702169716358185,25899,0.22680632770061493,0.38159263134002686,,
23,0.001773005467839539,25949,0.20699283480644226,0.44704779982566833,,
23,0.0017757792957127094,25999,0.21796628832817078,0.5030850768089294,,
23,0.0017785385716706514,26049,0.2781316041946411,0.39472174644470215,,
23,0.0017812831792980433,26099,0.26052728295326233,0.35158100724220276,,
23,0.0017840128857642412,26149,0.2386327087879181,0.4311290979385376,,
23,0.001786727923899889,26199,0.23811183869838715,0.42850202322006226,,
23,0.001789428060874343,26249,0.2641478180885315,0.3812360167503357,,
23,0.0017921131802722812,26299,0.23069345951080322,0.5003568530082703,,
23,0.0017947833985090256,26349,0.2211168110370636,0.40572965145111084,,
23,0.0017974384827539325,26399,0.23654307425022125,0.49326419830322266,,
23,0.0018000785494223237,26449,0.2513931393623352,0.4306119978427887,,
23,0.0018027033656835556,26499,0.25153934955596924,0.431915819644928,,
23,0.00180531304795295,26549,0.29128071665763855,0.46382230520248413,,
23,0.0018079073633998632,26599,0.24774335324764252,0.4766886234283447,,
23,0.0018104864284396172,26649,0.2046290785074234,0.4556238651275635,,
23,0.001813050010241568,26699,0.22005446255207062,0.4359982907772064,,
23,0.0018155982252210379,26749,0.21785713732242584,0.46388715505599976,,
23,0.0018181308405473828,26799,0.2557651400566101,0.44366443157196045,,
23,0.0018206479726359248,26849,0.26051169633865356,0.4237707555294037,,
23,0.001823149505071342,26899,0.22788527607917786,0.4151547849178314,,
23,0.0018256353214383125,26949,0.24477216601371765,0.569341242313385,,
23,,26998,,,0.2598964273929596,0.42349758744239807
24,0.0018281054217368364,26999,0.2708299160003662,0.43787673115730286,,
24,0.0018305598059669137,27049,0.26557520031929016,0.4443211555480957,,
24,0.0018329983577132225,27099,0.24814897775650024,0.37212175130844116,,
24,0.001835420960560441,27149,0.2613365948200226,0.3620814085006714,,
24,0.001837827730923891,27199,0.2660065293312073,0.42472606897354126,,
24,0.001840218435972929,27249,0.2738879323005676,0.4173116385936737,,
24,0.0018425930757075548,27299,0.26607298851013184,0.3871748149394989,,
24,0.0018449517665430903,27349,0.2252272069454193,0.3954692482948303,,
24,0.00184729415923357,27399,0.262964129447937,0.3475305140018463,,
24,0.0018496204866096377,27449,0.2514860928058624,0.4878982901573181,,
24,0.0018519305158406496,27499,0.282876193523407,0.42396411299705505,,
24,0.0018542242469266057,27549,0.28544682264328003,0.3840474784374237,,
24,0.001856501679867506,27599,0.2532185912132263,0.47661688923835754,,
24,0.0018587626982480288,27649,0.25255727767944336,0.45820990204811096,,
24,0.0018610073020681739,27699,0.24855029582977295,0.43702688813209534,,
24,0.0018632353749126196,27749,0.24745184183120728,0.46805471181869507,,
24,0.0018654469167813659,27799,0.23656433820724487,0.4495404064655304,,
24,0.0018676419276744127,27849,0.30316659808158875,0.3863963484764099,,
24,0.0018698202911764383,27899,0.23087388277053833,0.4594341218471527,,
24,0.0018719820072874427,27949,0.25743865966796875,0.42470383644104004,,
24,0.001874126959592104,27999,0.20749147236347198,0.4857398569583893,,
24,0.0018762551480904222,28049,0.23411639034748077,0.47195640206336975,,
24,0.0018783665727823973,28099,0.2726539373397827,0.41161811351776123,,
24,,28123,,,0.26530298590660095,0.41801413893699646
25,0.0018804610008373857,28149,0.2436976134777069,0.43695759773254395,,
25,0.001882538665086031,28199,0.266696959733963,0.36076903343200684,,
25,0.0018845993326976895,28249,0.2635948956012726,0.48249658942222595,,
25,0.0018866428872570395,28299,0.29255568981170654,0.36184629797935486,,
25,0.0018886695615947247,28349,0.27059805393218994,0.4276208281517029,,
25,0.0018906791228801012,28399,0.2403658926486969,0.4271710216999054,,
25,0.0018926714546978474,28449,0.27287882566452026,0.4266394078731537,,
25,0.001894646673463285,28499,0.27216073870658875,0.3925318419933319,,
25,0.001896604779176414,28549,0.267243355512619,0.4082709848880768,,
25,0.0018985455390065908,28599,0.24631313979625702,0.4187759459018707,,
25,0.0019004689529538155,28649,0.27589064836502075,0.4142462909221649,,
25,0.0019023750210180879,28699,0.21135102212429047,0.4929752051830292,,
25,0.0019042638596147299,28749,0.2523418366909027,0.4567766785621643,,
25,0.001906135119497776,28799,0.23313401639461517,0.4643394649028778,,
25,0.0019079889170825481,28849,0.2544776499271393,0.39876076579093933,,
25,0.001909825368784368,28899,0.3232535123825073,0.370055615901947,,
25,0.0019116441253572702,28949,0.1982053518295288,0.526279091835022,,
25,0.0019134453032165766,28999,0.26028722524642944,0.3818413317203522,,
25,0.001915228902362287,29049,0.2710907459259033,0.4274919033050537,,
25,0.0019169949227944016,29099,0.2279704064130783,0.3730925917625427,,
25,0.0019187431316822767,29149,0.22208309173583984,0.4651704430580139,,
25,0.0019204736454412341,29199,0.24703247845172882,0.45325323939323425,,
25,,29248,,,0.2645343244075775,0.4186415672302246
26,0.001922186347655952,29249,0.2256348729133606,0.47220557928085327,,
26,0.0019238812383264303,29299,0.23292867839336395,0.36748793721199036,,
26,0.0019255583174526691,29349,0.2670619785785675,0.3152596652507782,,
26,0.0019272175850346684,29399,0.2508605122566223,0.3881058990955353,,
26,0.0019288588082417846,29449,0.26380616426467896,0.42276692390441895,,
26,0.0019304821034893394,29499,0.2506575286388397,0.3951297104358673,,
26,0.0019320874707773328,29549,0.25132104754447937,0.3995486795902252,,
26,0.001933674793690443,29599,0.24844366312026978,0.4470583498477936,,
26,0.0019352439558133483,29649,0.24114081263542175,0.4342559278011322,,
26,0.0019367951899766922,29699,0.24415549635887146,0.3819860517978668,,
26,0.0019383281469345093,29749,0.2724284529685974,0.46201229095458984,,
26,0.0019398430595174432,29799,0.2619541883468628,0.41148650646209717,,
26,0.0019413396948948503,29849,0.26159748435020447,0.4005582332611084,,
26,0.0019428180530667305,29899,0.26927971839904785,0.4776224195957184,,
26,0.0019442782504484057,29949,0.2806524932384491,0.36894822120666504,,
26,0.0019457201706245542,29999,0.23529355227947235,0.4969836175441742,,
26,0.001947143697179854,30049,0.2840617299079895,0.3822495639324188,,
26,0.0019485489465296268,30099,0.2596808075904846,0.42969197034835815,,
26,0.0019499358022585511,30149,0.255301833152771,0.39455634355545044,,
26,0.0019513042643666267,30199,0.2525237798690796,0.3991025388240814,,
26,0.0019526542164385319,30249,0.23366069793701172,0.38126692175865173,,
26,0.0019539857748895884,30299,0.255280077457428,0.37061774730682373,,
26,0.0019552987068891525,30349,0.2408565878868103,0.48556050658226013,,
26,,30373,,,0.26828327775001526,0.4153769612312317
27,0.001956593245267868,30399,0.2804126739501953,0.4277375638484955,,
27,0.0019578691571950912,30449,0.23689140379428864,0.35715150833129883,,
27,0.001959126442670822,30499,0.2417062669992447,0.48766079545021057,,
27,0.0019603651016950607,30549,0.2825498580932617,0.38557377457618713,,
27,0.0019615853670984507,30599,0.2319461852312088,0.38547971844673157,,
27,0.0019627867732197046,30649,0.2641521692276001,0.3809073567390442,,
27,0.0019639695528894663,30699,0.2405262589454651,0.41734224557876587,,
27,0.001965133473277092,30749,0.25116366147994995,0.3849966824054718,,
27,0.0019662787672132254,30799,0.28171494603157043,0.40160712599754333,,
27,0.001967405201867223,30849,0.24896645545959473,0.44698894023895264,,
27,0.001968513010069728,30899,0.23705938458442688,0.41485723853111267,,
27,0.001969601958990097,30949,0.2335931807756424,0.4371899366378784,,
27,0.0019706720486283302,30999,0.25952550768852234,0.4447968006134033,,
27,0.0019717232789844275,31049,0.29150354862213135,0.37669622898101807,,
27,0.001972755417227745,31099,0.2671627402305603,0.398518830537796,,
27,0.0019737689290195704,31149,0.29388976097106934,0.3973340094089508,,
27,0.001974763348698616,31199,0.25677067041397095,0.4422682523727417,,
27,0.0019757389090955257,31249,0.27338480949401855,0.4494151771068573,,
27,0.0019766956102102995,31299,0.24810874462127686,0.45250219106674194,,
27,0.00197763298638165,31349,0.19109384715557098,0.5313003659248352,,
27,0.001978551736101508,31399,0.26980865001678467,0.3645794093608856,,
27,0.001979451160877943,31449,0.2604568600654602,0.4959934949874878,,
27,,31498,,,0.26946017146110535,0.4142678380012512
28,0.001980331726372242,31499,0.24872234463691711,0.42482617497444153,,
28,0.0019811931997537613,31549,0.261396586894989,0.4289911091327667,,
28,0.0019820353481918573,31599,0.27084603905677795,0.40665414929389954,,
28,0.0019828586373478174,31649,0.23446667194366455,0.3946973383426666,,
28,0.0019836626015603542,31699,0.24796625971794128,0.4110804796218872,,
28,0.001984447706490755,31749,0.2497345209121704,0.47285255789756775,,
28,0.0019852134864777327,31799,0.2430436909198761,0.3799470365047455,,
28,0.0019859601743519306,31849,0.2334592491388321,0.4773142337799072,,
28,0.0019866875372827053,31899,0.2442171573638916,0.44332820177078247,,
28,0.0019873955752700567,31949,0.2748607397079468,0.3387005627155304,,
28,0.001988084753975272,31999,0.21555104851722717,0.4567858576774597,,
28,0.0019887543749064207,32049,0.3040562868118286,0.35261866450309753,,
28,0.0019894049037247896,32099,0.2561464011669159,0.46369197964668274,,
28,0.0019900361075997353,32149,0.22944492101669312,0.39159730076789856,,
28,0.0019906479865312576,32199,0.2660124897956848,0.44251519441604614,,
28,0.0019912407733500004,32249,0.22579926252365112,0.5068632960319519,,
28,0.001991814002394676,32299,0.213056281208992,0.4799318015575409,,
28,0.0019923681393265724,32349,0.29198718070983887,0.3712567687034607,,
28,0.0019929027184844017,32399,0.2846321165561676,0.4102862775325775,,
28,0.0019934182055294514,32449,0.2703458070755005,0.37029388546943665,,
28,0.001993914134800434,32499,0.24107010662555695,0.4430336356163025,,
28,0.0019943907391279936,32549,0.24084578454494476,0.46499690413475037,,
28,0.00199484801851213,32599,0.24971114099025726,0.4798530340194702,,
28,,32623,,,0.27079370617866516,0.41115128993988037
29,0.0019952859729528427,32649,0.27846866846084595,0.3771899342536926,,
29,0.0019957043696194887,32699,0.23014628887176514,0.4586861729621887,,
29,0.0019961034413427114,32749,0.2641996443271637,0.4091138243675232,,
29,0.001996483188122511,32799,0.26639413833618164,0.3850882649421692,,
29,0.0019968433771282434,32849,0.2525803744792938,0.4103737771511078,,
29,0.0019971842411905527,32899,0.2633376717567444,0.465376079082489,,
29,0.001997505547478795,32949,0.2472747266292572,0.4067643880844116,,
29,0.001997807528823614,32999,0.22208210825920105,0.47548240423202515,,
29,0.0019980899523943663,33049,0.24214701354503632,0.47539734840393066,,
29,0.001998353051021695,33099,0.2631608545780182,0.4485763907432556,,
29,0.001998596591874957,33149,0.2611817717552185,0.4551544785499573,,
29,0.0019988208077847958,33199,0.2535994052886963,0.49004942178726196,,
29,0.001999025233089924,33249,0.20774546265602112,0.4808289706707001,,
29,0.0019992105662822723,33299,0.25664231181144714,0.47342270612716675,,
29,0.0019993761088699102,33349,0.23592758178710938,0.4814532995223999,,
29,0.001999522326514125,33399,0.24135053157806396,0.41786906123161316,,
29,0.0019996489863842726,33449,0.23444974422454834,0.49693357944488525,,
29,0.001999756321310997,33499,0.2291298806667328,0.3535900115966797,,
29,0.0019998440984636545,33549,0.26162031292915344,0.4150627851486206,,
29,0.001999912317842245,33599,0.2634351849555969,0.3792605996131897,,
29,0.0019999609794467688,33649,0.23019059002399445,0.45257461071014404,,
29,0.001999990316107869,33699,0.28051143884658813,0.4427157938480377,,
29,,33748,,,0.272661417722702,0.41006457805633545
30,0.0020000000949949026,33749,0.23065629601478577,0.4275240898132324,,
30,0.0019999979995191097,33799,0.2557307183742523,0.4198804497718811,,
30,0.0019999919459223747,33849,0.24858970940113068,0.43200862407684326,,
30,0.0019999821670353413,33899,0.2540232837200165,0.373138964176178,,
30,0.001999968197196722,33949,0.23226100206375122,0.40802285075187683,,
30,0.0019999502692371607,33999,0.2776719927787781,0.44582459330558777,,
30,0.0019999283831566572,34049,0.2725639045238495,0.4207386374473572,,
30,0.0019999025389552116,34099,0.24440287053585052,0.38439443707466125,,
30,0.001999872736632824,34149,0.3006342649459839,0.3962753713130951,,
30,0.001999838976189494,34199,0.25154682993888855,0.4442441165447235,,
30,0.0019998010247945786,34249,0.2853713631629944,0.33756810426712036,,
30,0.0019997593481093645,34299,0.2515031695365906,0.40128588676452637,,
30,0.0019997134804725647,34349,0.24446101486682892,0.482511967420578,,
30,0.0019996638875454664,34399,0.2260439395904541,0.4901634156703949,,
30,0.0019996101036667824,34449,0.26938027143478394,0.38839584589004517,,
30,0.0019995523616671562,34499,0.2673799395561218,0.3218187689781189,,
30,0.0019994908943772316,34549,0.21332146227359772,0.44774729013442993,,
30,0.001999425236135721,34599,0.34203240275382996,0.33648908138275146,,
30,0.0019993556197732687,34649,0.2531367540359497,0.4551227390766144,,
30,0.001999282045289874,34699,0.25057855248451233,0.46309801936149597,,
30,0.0019992045126855373,34749,0.28704026341438293,0.41491803526878357,,
30,0.0019991230219602585,34799,0.2585088908672333,0.4277298152446747,,
30,0.001999037340283394,34849,0.28186696767807007,0.4145496189594269,,
30,,34873,,,0.27471527457237244,0.40831440687179565
31,0.0019989479333162308,34899,0.2605190873146057,0.44978344440460205,,
31,0.0019988545682281256,34949,0.25833943486213684,0.4201016426086426,,
31,0.0019987570121884346,34999,0.28216826915740967,0.35879915952682495,,
31,0.001998655730858445,35049,0.2538593113422394,0.386688232421875,,
31,0.00199855025857687,35099,0.24576017260551453,0.4695974290370941,,
31,0.0019984408281743526,35149,0.29048073291778564,0.3396199345588684,,
31,0.001998327672481537,35199,0.2460155487060547,0.3810080587863922,,
31,0.0019982103258371353,35249,0.3398738205432892,0.3482816517353058,,
31,0.0019980890210717916,35299,0.2595387101173401,0.3850064277648926,,
31,0.001997963758185506,35349,0.24205851554870605,0.5217464566230774,,
31,0.001997834537178278,35399,0.26704707741737366,0.5274640917778015,,
31,0.001997701358050108,35449,0.22950932383537292,0.4773828387260437,,
31,0.001997564220800996,35499,0.26302558183670044,0.426035076379776,,
31,0.0019974231254309416,35549,0.27532821893692017,0.40748193860054016,,
31,0.0019972780719399452,35599,0.24337221682071686,0.40120619535446167,,
31,0.0019971290603280067,35649,0.2896990478038788,0.3534042537212372,,
31,0.001996976090595126,35699,0.28359365463256836,0.4103153944015503,,
31,0.0019968191627413034,35749,0.240487739443779,0.4168407618999481,,
31,0.001996658043935895,35799,0.27589577436447144,0.47017496824264526,,
31,0.001996493199840188,35849,0.28439605236053467,0.44006121158599854,,
31,0.001996324397623539,35899,0.261928528547287,0.4140159487724304,,
31,0.001996151404455304,35949,0.2448047399520874,0.3585224151611328,,
31,,35998,,,0.2737007439136505,0.40922024846076965
32,0.001995974685996771,35999,0.23433008790016174,0.4386090040206909,,
32,0.0019957940094172955,36049,0.2665947675704956,0.42299920320510864,,
32,0.0019956091418862343,36099,0.26521265506744385,0.4304439425468445,,
32,0.0019954205490648746,36149,0.30448418855667114,0.3255181312561035,,
32,0.0019952277652919292,36199,0.2567017674446106,0.3816591799259186,,
32,0.0019950312562286854,36249,0.23515723645687103,0.3775790333747864,,
32,0.0019948307890444994,36299,0.3180420398712158,0.35479992628097534,,
32,0.0019946261309087276,36349,0.30405867099761963,0.32970908284187317,,
32,0.0019944177474826574,36399,0.26309192180633545,0.3598231077194214,,
32,0.0019942051731050014,36449,0.3024998903274536,0.3817729949951172,,
32,0.001993988873437047,36499,0.22220954298973083,0.40456053614616394,,
32,0.0019937686156481504,36549,0.2705059051513672,0.3723525404930115,,
32,0.001993544166907668,36599,0.21683627367019653,0.4442127048969269,,
32,0.0019933159928768873,36649,0.22281137108802795,0.47573792934417725,,
32,0.0019930838607251644,36699,0.2354702651500702,0.4282107949256897,,
32,0.0019928475376218557,36749,0.2576708495616913,0.36551639437675476,,
32,0.0019926074892282486,36799,0.2576509416103363,0.4162391424179077,,
32,0.0019923634827136993,36849,0.255837082862854,0.44704797863960266,,
32,0.001992115518078208,36899,0.24775126576423645,0.4970054626464844,,
32,0.0019918635953217745,36949,0.25970327854156494,0.40629029273986816,,
32,0.001991607714444399,36999,0.274783730506897,0.4514080584049225,,
32,0.001991347875446081,37049,0.21157623827457428,0.4228607714176178,,
32,0.0019910840783268213,37099,0.23380115628242493,0.45759597420692444,,
32,,37123,,,0.2764613628387451,0.4063035547733307
33,0.0019908163230866194,37149,0.27908289432525635,0.4588831961154938,,
33,0.0019905446097254753,37199,0.2594069838523865,0.3983645439147949,,
33,0.001990268938243389,37249,0.252540647983551,0.4278481602668762,,
33,0.0019899895414710045,37299,0.2984676957130432,0.4128624200820923,,
33,0.001989705953747034,37349,0.2749974727630615,0.36785098910331726,,
33,0.001989418640732765,37399,0.2549656629562378,0.41449519991874695,,
33,0.0019891271367669106,37449,0.2575995922088623,0.468719482421875,,
33,0.0019888319075107574,37499,0.273606538772583,0.45453327894210815,,
33,0.0019885327201336622,37549,0.23340824246406555,0.44672253727912903,,
33,0.001988229574635625,37599,0.30202579498291016,0.416971892118454,,
33,0.0019879224710166454,37649,0.2588309943675995,0.41889214515686035,,
33,0.001987611409276724,37699,0.22559674084186554,0.469610333442688,,
33,0.00198729638941586,37749,0.27829721570014954,0.3960973620414734,,
33,0.001986977644264698,37799,0.26419880986213684,0.4601026773452759,,
33,0.00198665470816195,37849,0.23817184567451477,0.3910016119480133,,
33,0.0019863280467689037,37899,0.28297629952430725,0.2965579330921173,,
33,0.0019859974272549152,37949,0.2587270736694336,0.3923408091068268,,
33,0.0019856628496199846,37999,0.24961432814598083,0.3751673996448517,,
33,0.001985324313864112,38049,0.2587916851043701,0.42731717228889465,,
33,0.0019849820528179407,38099,0.242223858833313,0.41537389159202576,,
33,0.0019846356008201838,38149,0.24875196814537048,0.38473883271217346,,
33,0.0019842854235321283,38199,0.24689918756484985,0.5284181237220764,,
33,,38248,,,0.2792397141456604,0.4034247100353241
34,0.001983931288123131,38249,0.28212565183639526,0.4428728222846985,,
34,0.001983573194593191,38299,0.2837531566619873,0.3471350371837616,,
34,0.0019832111429423094,38349,0.2811622619628906,0.41324877738952637,,
34,0.0019828451331704855,38399,0.3259151577949524,0.3431418836116791,,
34,0.001982475398108363,38449,0.261228084564209,0.3788311183452606,,
34,0.0019821017049252987,38499,0.23900052905082703,0.41125497221946716,,
34,0.001981724053621292,38549,0.2314649373292923,0.41586604714393616,,
34,0.0019813424441963434,38599,0.3032832443714142,0.39336416125297546,,
34,0.0019809571094810963,38649,0.22950509190559387,0.3472379148006439,,
34,0.001980567816644907,38699,0.304512619972229,0.38443422317504883,,
34,0.0019801745656877756,38749,0.25717735290527344,0.42512887716293335,,
34,0.001979777356609702,38799,0.23536570370197296,0.3351929187774658,,
34,0.0019793761894106865,38849,0.2641232907772064,0.4068254232406616,,
34,0.0019789712969213724,38899,0.261576771736145,0.4436136782169342,,
34,0.0019785624463111162,38949,0.2665861248970032,0.43602806329727173,,
34,0.0019781498704105616,38999,0.22584307193756104,0.4490124583244324,,
34,0.001977733103558421,39049,0.25150060653686523,0.44542601704597473,,
34,0.0019773126114159822,39099,0.22244706749916077,0.5453702807426453,,
34,0.0019768881611526012,39149,0.2542436420917511,0.44552481174468994,,
34,0.0019764599855989218,39199,0.3019278049468994,0.4545384645462036,,
34,0.0019760278519243,39249,0.2753348648548126,0.36376428604125977,,
34,0.0019755917601287365,39299,0.21114028990268707,0.44004979729652405,,
34,0.0019751519430428743,39349,0.2629762589931488,0.3981737792491913,,
34,,39373,,,0.2794240415096283,0.40304505825042725
35,0.0019747079350054264,39399,0.2945374846458435,0.3836592137813568,,
35,0.0019742604345083237,39449,0.2770633101463318,0.41785380244255066,,
35,0.001973808743059635,39499,0.2707329988479614,0.42676812410354614,,
35,0.001973353326320648,39549,0.3251177668571472,0.39698925614356995,,
35,0.001972893951460719,39599,0.28352090716362,0.3472604751586914,,
35,0.0019724308513104916,39649,0.29058998823165894,0.42515310645103455,,
35,0.001971963793039322,39699,0.2249997854232788,0.47956398129463196,,
35,0.00197149277664721,39749,0.29573360085487366,0.3978031277656555,,
35,0.0019710180349648,39799,0.2517349123954773,0.4321975111961365,,
35,0.001970539567992091,39849,0.24350541830062866,0.498440146446228,,
35,0.0019700569100677967,39899,0.27507516741752625,0.408426433801651,,
35,0.0019695705268532038,39949,0.3049326241016388,0.35157737135887146,,
35,0.0019690804183483124,39999,0.2597026824951172,0.4214898943901062,,
35,0.001968586351722479,40049,0.2848151922225952,0.4113340973854065,,
35,0.0019680883269757032,40099,0.2603532075881958,0.4336842894554138,,
35,0.001967586576938629,40149,0.2814069986343384,0.40976160764694214,,
35,0.001967080868780613,40199,0.22375115752220154,0.4921230673789978,,
35,0.0019665714353322983,40249,0.3189784288406372,0.4154524803161621,,
35,0.001966058276593685,40299,0.2314954251050949,0.36688828468322754,,
35,0.0019655409269034863,40349,0.27722394466400146,0.44409897923469543,,
35,0.0019650200847536325,40399,0.22998282313346863,0.43847230076789856,,
35,0.001964495051652193,40449,0.2587888538837433,0.3907243609428406,,
35,,40498,,,0.28098222613334656,0.40166619420051575
36,0.001963966526091099,40499,0.26071780920028687,0.4559991955757141,,
36,0.0019634340424090624,40549,0.23364171385765076,0.35590219497680664,,
36,0.001962897600606084,40599,0.26667386293411255,0.39646464586257935,,
36,0.001962357433512807,40649,0.2669903039932251,0.341875821352005,,
36,0.001961813308298588,40699,0.28079134225845337,0.39795708656311035,,
36,0.0019612654577940702,40749,0.2530112564563751,0.40085795521736145,,
36,0.0019607138819992542,40799,0.2673914432525635,0.41553834080696106,,
36,0.001960158348083496,40849,0.21804752945899963,0.5404597520828247,,
36,0.0019595990888774395,40899,0.24307562410831451,0.41724684834480286,,
36,0.0019590361043810844,40949,0.28195738792419434,0.41001150012016296,,
36,0.0019584691617637873,40999,0.25051867961883545,0.49039679765701294,,
36,0.001957898261025548,41049,0.263164222240448,0.4524768888950348,,
36,0.001957323867827654,41099,0.2803119421005249,0.4057503342628479,,
36,0.001956745283678174,41149,0.22996284067630768,0.43396252393722534,,
36,0.0019561632070690393,41199,0.2267569750547409,0.4301403760910034,,
36,0.0019555771723389626,41249,0.23911215364933014,0.3302026391029358,,
36,0.0019549874123185873,41299,0.2720826268196106,0.487244188785553,,
36,0.0019543939270079136,41349,0.26436537504196167,0.4169401228427887,,
36,0.0019537964835762978,41399,0.2798770070075989,0.3989565372467041,,
36,0.0019531953148543835,41449,0.2922866940498352,0.3689306974411011,,
36,0.0019525904208421707,41499,0.25033286213874817,0.40980225801467896,,
36,0.0019519816851243377,41549,0.2510290741920471,0.4232332706451416,,
36,0.0019513691077008843,41599,0.23412132263183594,0.39046359062194824,,
36,,41623,,,0.28340229392051697,0.400543749332428
37,0.0019507528049871325,41649,0.2618982195854187,0.4376872777938843,,
37,0.0019501326605677605,41699,0.2772807478904724,0.4053083658218384,,
37,0.00194950879085809,41749,0.26743680238723755,0.4457034468650818,,
37,0.001948881079442799,41799,0.25698286294937134,0.4019339978694916,,
37,0.0019482496427372098,41849,0.25771480798721313,0.44172438979148865,,
37,0.001947614480741322,41899,0.2129063904285431,0.47458961606025696,,
37,0.001946975477039814,41949,0.24514251947402954,0.3832974135875702,,
37,0.0019463327480480075,41999,0.2762910723686218,0.4001348316669464,,
37,0.0019456862937659025,42049,0.28207138180732727,0.3978119194507599,,
37,0.0019450359977781773,42099,0.2747590243816376,0.4144883453845978,,
37,0.0019443819765001535,42149,0.24970927834510803,0.4494418799877167,,
37,0.0019437241135165095,42199,0.26937615871429443,0.4333319067955017,,
37,0.0019430626416578889,42249,0.240568608045578,0.4185277223587036,,
37,0.001942397328093648,42299,0.26712656021118164,0.4052436351776123,,
37,0.0019417282892391086,42349,0.24656882882118225,0.38787707686424255,,
37,0.0019410554086789489,42399,0.2617242634296417,0.4944703280925751,,
37,0.0019403789192438126,42449,0.2754848897457123,0.477396696805954,,
37,0.0019396987045183778,42499,0.2587219476699829,0.44199877977371216,,
37,0.0019390146480873227,42549,0.31193116307258606,0.3407897651195526,,
37,0.0019383268663659692,42599,0.29999828338623047,0.38025781512260437,,
37,0.0019376353593543172,42649,0.2336384356021881,0.408720999956131,,
37,0.0019369402434676886,42699,0.2580620050430298,0.4947649836540222,,
37,,42748,,,0.2829476594924927,0.4024156332015991
38,0.0019362412858754396,42749,0.2981939911842346,0.3747566342353821,,
38,0.0019355386029928923,42799,0.24380959570407867,0.45493844151496887,,
38,0.0019348321948200464,42849,0.29167652130126953,0.4165077209472656,,
38,0.0019341220613569021,42899,0.2734912037849426,0.38384971022605896,,
38,0.0019334083190187812,42949,0.24425995349884033,0.48497530817985535,,
38,0.00193269073497504,42999,0.24865397810935974,0.4517800509929657,,
38,0.0019319694256410003,43049,0.2767186164855957,0.3789966106414795,,
38,0.001931244507431984,43099,0.2570817470550537,0.37951505184173584,,
38,0.0019305158639326692,43149,0.27735644578933716,0.39668169617652893,,
38,0.001929783495143056,43199,0.3061820864677429,0.3435501456260681,,
38,0.0019290474010631442,43249,0.24989762902259827,0.4291185438632965,,
38,0.0019283076981082559,43299,0.23585732281208038,0.4243898093700409,,
38,0.001927564269863069,43349,0.26894131302833557,0.4133230745792389,,
38,0.0019268171163275838,43399,0.28971850872039795,0.4424982964992523,,
38,0.0019260662375018,43449,0.2768546938896179,0.4044099450111389,,
38,0.0019253117498010397,43499,0.3387948274612427,0.33480098843574524,,
38,0.0019245535368099809,43549,0.27666953206062317,0.40935489535331726,,
38,0.0019237917149439454,43599,0.3211292028427124,0.38461625576019287,,
38,0.0019230261677876115,43649,0.2710312008857727,0.42397743463516235,,
38,0.001922256895340979,43699,0.274228572845459,0.41483908891677856,,
38,0.00192148401401937,43749,0.283983439207077,0.4222766160964966,,
38,0.0019207075238227844,43799,0.27003705501556396,0.4300266206264496,,
38,0.0019199273083359003,43849,0.27145081758499146,0.33253443241119385,,
38,,43873,,,0.28434136509895325,0.39849627017974854
39,0.0019191433675587177,43899,0.2970956563949585,0.4081326723098755,,
39,0.0019183559343218803,43949,0.25247955322265625,0.4172137975692749,,
39,0.0019175646593794227,43999,0.2804352641105652,0.38868191838264465,,
39,0.0019167698919773102,44049,0.2578108608722687,0.4169387221336365,,
39,0.0019159713992848992,44099,0.267040491104126,0.39118561148643494,,
39,0.0019151692977175117,44149,0.2795397639274597,0.35778629779815674,,
39,0.0019143634708598256,44199,0.24978171288967133,0.3255939483642578,,
39,0.0019135541515424848,44249,0.2764829993247986,0.3596138060092926,,
39,0.0019127411069348454,44299,0.24424581229686737,0.45603033900260925,,
39,0.0019119244534522295,44349,0.28860267996788025,0.46292710304260254,,
39,0.001911104074679315,44399,0.32268139719963074,0.3858615756034851,,
39,0.0019102802034467459,44449,0.28796160221099854,0.4011358916759491,,
39,0.0019094526069238782,44499,0.2642415463924408,0.40950050950050354,,
39,0.0019086215179413557,44549,0.25244778394699097,0.3420085906982422,,
39,0.0019077867036685348,44599,0.22196048498153687,0.40275850892066956,,
39,0.0019069482805207372,44649,0.27152353525161743,0.38965699076652527,,
39,0.0019061063649132848,44699,0.28271424770355225,0.35083216428756714,,
39,0.001905260724015534,44749,0.29099875688552856,0.3512697219848633,,
39,0.0019044114742428064,44799,0.2184363454580307,0.4649617075920105,,
39,0.0019035587320104241,44849,0.27580147981643677,0.4300106167793274,,
39,0.0019027023809030652,44899,0.2625962793827057,0.4299541413784027,,
39,0.0019018423045054078,44949,0.2838531732559204,0.3576585054397583,,
39,,44998,,,0.2821946442127228,0.39899760484695435
40,0.0019009787356480956,44999,0.2747645676136017,0.3745698630809784,,
40,0.0019001115579158068,45049,0.26865890622138977,0.39388883113861084,,
40,0.0018992408877238631,45099,0.2794366180896759,0.37350746989250183,,
40,0.0018983666086569428,45149,0.29679158329963684,0.37788107991218567,,
40,0.001897488720715046,45199,0.2851386070251465,0.3604315519332886,,
40,0.0018966072238981724,45249,0.2649822235107422,0.4039236307144165,,
40,0.001895722234621644,45299,0.26957976818084717,0.4650290012359619,,
40,0.001894833636470139,45349,0.22481507062911987,0.4350164532661438,,
40,0.0018939414294436574,45399,0.22335754334926605,0.4478982388973236,,
40,0.001893045729957521,45449,0.30063462257385254,0.33872026205062866,,
40,0.0018921465380117297,45499,0.31132423877716064,0.4275452196598053,,
40,0.0018912437371909618,45549,0.27614596486091614,0.3361240029335022,,
40,0.0018903373274952173,45599,0.2442816197872162,0.3648979067802429,,
40,0.001889427425339818,45649,0.273464173078537,0.4118937849998474,,
40,0.0018885140307247639,45699,0.2723604440689087,0.35381802916526794,,
40,0.001887597027234733,45749,0.2748819887638092,0.40967613458633423,,
40,0.0018866765312850475,45799,0.3086091876029968,0.43752679228782654,,
40,0.0018857525428757071,45849,0.2676905393600464,0.43099433183670044,,
40,0.0018848249455913901,45899,0.23860669136047363,0.4347342550754547,,
40,0.0018838938558474183,45949,0.32817214727401733,0.331441730260849,,
40,0.0018829592736437917,45999,0.2498999536037445,0.4245317876338959,,
40,0.0018820211989805102,46049,0.24909108877182007,0.3707698881626129,,
40,0.001881079631857574,46099,0.2866249978542328,0.4359697699546814,,
40,,46123,,,0.28618311882019043,0.3969394266605377
41,0.001880134455859661,46149,0.25361838936805725,0.41521474719047546,,
41,0.0018791859038174152,46199,0.2691589295864105,0.37271296977996826,,
41,0.0018782337429001927,46249,0.26528507471084595,0.42483997344970703,,
41,0.0018772780895233154,46299,0.2614232897758484,0.35232728719711304,,
41,0.0018763190601021051,46349,0.28179776668548584,0.4067125916481018,,
41,0.0018753564218059182,46399,0.2570699453353882,0.43394333124160767,,
41,0.0018743904074653983,46449,0.2965177893638611,0.42167893052101135,,
41,0.0018734209006652236,46499,0.2850078344345093,0.3448701500892639,,
41,0.0018724477849900723,46549,0.27869394421577454,0.32429906725883484,,
41,0.0018714714096859097,46599,0.27640965580940247,0.4268958866596222,,
41,0.0018704914255067706,46649,0.2650889754295349,0.38723430037498474,,
41,0.0018695079488679767,46699,0.2711348533630371,0.37646523118019104,,
41,0.0018685210961848497,46749,0.2941649258136749,0.47939637303352356,,
41,0.001867530751042068,46799,0.25921517610549927,0.42780449986457825,,
41,0.0018665370298549533,46849,0.26936036348342896,0.368185818195343,,
41,0.001865539699792862,46899,0.27837246656417847,0.42245638370513916,,
41,0.0018645391101017594,46949,0.3343418836593628,0.3771246373653412,,
41,0.0018635349115356803,46999,0.24985364079475403,0.41089928150177,,
41,0.00186252745334059,47049,0.2519002854824066,0.4168350398540497,,
41,0.001861516386270523,47099,0.31002092361450195,0.35103708505630493,,
41,0.001860502059571445,47149,0.24924324452877045,0.4464608430862427,,
41,0.001859484240412712,47199,0.27060866355895996,0.4010619521141052,,
41,,47248,,,0.28391483426094055,0.3991067111492157
42,0.0018584629287943244,47249,0.2770351469516754,0.3605133295059204,,
42,0.0018574382411316037,47299,0.24979937076568604,0.3922592103481293,,
42,0.00185641017742455,47349,0.2881491780281067,0.4460778832435608,,
42,0.0018553787376731634,47399,0.304415225982666,0.40426886081695557,,
42,0.001854343805462122,47449,0.3217880129814148,0.3658190667629242,,
42,0.0018533054972067475,47499,0.2719751000404358,0.432088702917099,,
42,0.001852263929322362,47549,0.25819119811058044,0.42987558245658875,,
42,0.0018512187525629997,47599,0.2977358102798462,0.4842138886451721,,
42,0.0018501703161746264,47649,0.2469034045934677,0.42048153281211853,,
42,0.00184911850374192,47699,0.25680238008499146,0.3576863706111908,,
42,0.0018480633152648807,47749,0.3065265417098999,0.4008693993091583,,
42,0.0018470047507435083,47799,0.33574748039245605,0.3544834852218628,,
42,0.0018459426937624812,47849,0.23205450177192688,0.42721351981163025,,
42,0.001844877377152443,47899,0.2830337882041931,0.40373721718788147,,
42,0.0018438086844980717,47949,0.29609981179237366,0.4585437774658203,,
42,0.0018427367322146893,47999,0.28526562452316284,0.4115908145904541,,
42,0.001841661287471652,48049,0.2880452275276184,0.4020799696445465,,
42,0.0018405825830996037,48099,0.24854062497615814,0.4389267563819885,,
42,0.0018395005026832223,48149,0.2634021043777466,0.43586722016334534,,
42,0.001838415046222508,48199,0.2985754609107971,0.3537386655807495,,
42,0.0018373262137174606,48249,0.32277610898017883,0.3267427980899811,,
42,0.0018362341215834022,48299,0.2662748396396637,0.4213660657405853,,
42,0.0018351387698203325,48349,0.2683265209197998,0.35353443026542664,,
42,,48373,,,0.28741276264190674,0.3957069516181946
43,0.00183404004201293,48399,0.2670527994632721,0.44363412261009216,,
43,0.0018329379381611943,48449,0.34329259395599365,0.3741142451763153,,
43,0.0018318325746804476,48499,0.276644766330719,0.38612112402915955,,
43,0.0018307238351553679,48549,0.2821517288684845,0.42844659090042114,,
43,0.0018296119524165988,48599,0.28470751643180847,0.4369570016860962,,
43,0.001828496577218175,48649,0.2748488187789917,0.3713896870613098,,
43,0.0018273780588060617,48699,0.29436737298965454,0.39679327607154846,,
43,0.0018262561643496156,48749,0.2958073616027832,0.42621558904647827,,
43,0.0018251310102641582,48799,0.29933691024780273,0.38579484820365906,,
43,0.0018240025965496898,48849,0.3089519739151001,0.47793176770210266,,
43,0.0018228708067908883,48899,0.29896312952041626,0.4044933319091797,,
43,0.0018217358738183975,48949,0.28931906819343567,0.38858479261398315,,
43,0.0018205975648015738,48999,0.2753930687904358,0.36835405230522156,,
43,0.0018194559961557388,49049,0.30380985140800476,0.414930522441864,,
43,0.0018183112842962146,49099,0.32399243116378784,0.31987619400024414,,
43,0.0018171631963923573,49149,0.3441581130027771,0.3902464807033539,,
43,0.001816011848859489,49199,0.25102049112319946,0.4499255418777466,,
43,0.0018148573581129313,49249,0.22965344786643982,0.4293825328350067,,
43,0.0018136996077373624,49299,0.30194786190986633,0.36491888761520386,,
43,0.0018125384813174605,49349,0.2551289200782776,0.4280329644680023,,
43,0.0018113743280991912,49399,0.2854890823364258,0.3685729205608368,,
43,0.0018102067988365889,49449,0.2903754711151123,0.3189682364463806,,
43,,49498,,,0.2892594039440155,0.39466243982315063
44,0.0018090361263602972,49499,0.2877354621887207,0.4059661328792572,,
44,0.0018078621942549944,49549,0.3222392797470093,0.3629158139228821,,
44,0.0018066850025206804,49599,0.2644096612930298,0.42681869864463806,,
44,0.0018055046675726771,49649,0.27051278948783875,0.3820614516735077,,
44,0.0018043211894109845,49699,0.24892933666706085,0.4535982608795166,,
44,0.001803134335204959,49749,0.267392635345459,0.4326190948486328,,
44,0.0018019444542005658,49799,0.2796776294708252,0.45513054728507996,,
44,0.0018007513135671616,49849,0.3117271363735199,0.37873727083206177,,
44,0.001799555029720068,49899,0.24333781003952026,0.39940330386161804,,
44,0.0017983554862439632,49949,0.25657036900520325,0.378162682056427,,
44,0.0017971527995541692,49999,0.2465161234140396,0.48107391595840454,,
44,0.0017959469696506858,50049,0.2808336019515991,0.3727773129940033,,
44,0.0017947378801181912,50099,0.27204763889312744,0.3496491611003876,,
44,0.0017935257637873292,50149,0.2556942105293274,0.43506500124931335,,
44,0.001792310387827456,50199,0.25785762071609497,0.4016055464744568,,
44,0.0017910919850692153,50249,0.2759745121002197,0.4099375307559967,,
44,0.0017898703226819634,50299,0.31413301825523376,0.4060044288635254,,
44,0.0017886455170810223,50349,0.25736984610557556,0.42199552059173584,,
44,0.0017874175682663918,50399,0.29033371806144714,0.38499850034713745,,
44,0.0017861865926533937,50449,0.30650776624679565,0.37654489278793335,,
44,0.0017849523574113846,50499,0.3124180734157562,0.36730802059173584,,
44,0.001783715095371008,50549,0.25580668449401855,0.3754923939704895,,
44,0.001782474690116942,50599,0.3042199909687042,0.40047410130500793,,
44,,50623,,,0.28993314504623413,0.3932446539402008
45,0.0017812311416491866,50649,0.33034273982048035,0.3591074049472809,,
45,0.0017799845663830638,50699,0.2831987142562866,0.3599449098110199,,
45,0.0017787347314879298,50749,0.25237587094306946,0.3499835133552551,,
45,0.0017774819862097502,50799,0.2684617340564728,0.3423566520214081,,
45,0.0017762259813025594,50849,0.27562522888183594,0.36177578568458557,,
45,0.001774966949597001,50899,0.31116917729377747,0.32974347472190857,,
45,0.0017737048910930753,50949,0.2999858856201172,0.3626916706562042,,
45,0.0017724396893754601,50999,0.3079361915588379,0.4243321120738983,,
45,0.0017711714608594775,51049,0.25944364070892334,0.2891910970211029,,
45,0.0017699002055451274,51099,0.3027978241443634,0.4652099609375,,
45,0.001768625807017088,51149,0.2699121832847595,0.49740543961524963,,
45,0.001767348381690681,51199,0.28775346279144287,0.3840899169445038,,
45,0.0017660678131505847,51249,0.2949822247028351,0.3421880304813385,,
45,0.0017647843342274427,51299,0.2653030455112457,0.43803173303604126,,
45,0.0017634977120906115,51349,0.26008662581443787,0.3814281225204468,,
45,0.0017622080631554127,51399,0.2859664559364319,0.39750632643699646,,
45,0.0017609155038371682,51449,0.30856144428253174,0.36146506667137146,,
45,0.0017596198013052344,51499,0.3081071972846985,0.3527795672416687,,
45,0.0017583210719749331,51549,0.30515116453170776,0.35195836424827576,,
45,0.0017570193158462644,51599,0.2883952856063843,0.4294114410877228,,
45,0.00175571464933455,51649,0.288443922996521,0.404413640499115,,
45,0.0017544068396091461,51699,0.2902337908744812,0.3721288740634918,,
45,,51748,,,0.2886868715286255,0.3944835066795349
46,0.0017530961195006967,51749,0.2977367639541626,0.3651464283466339,,
46,0.0017517823725938797,51799,0.2538878917694092,0.4106890559196472,,
46,0.001750465715304017,51849,0.22357648611068726,0.467146635055542,,
46,0.001749146031215787,51899,0.27015358209609985,0.4224482774734497,,
46,0.0017478233203291893,51949,0.32292309403419495,0.3877485990524292,,
46,0.001746497699059546,51999,0.3060046434402466,0.3878270089626312,,
46,0.0017451690509915352,52049,0.2601388692855835,0.3686949908733368,,
46,0.0017438373761251569,52099,0.28866976499557495,0.44290730357170105,,
46,0.0017425029072910547,52149,0.3126981854438782,0.37091463804244995,,
46,0.001741165411658585,52199,0.2940048575401306,0.3379606306552887,,
46,0.001739824889227748,52249,0.29855024814605713,0.3869854509830475,,
46,0.001738481456413865,52299,0.3325626254081726,0.32189661264419556,,
46,0.0017371351132169366,52349,0.28642264008522034,0.3237006664276123,,
46,0.0017357858596369624,52399,0.3123798966407776,0.41001349687576294,,
46,0.0017344336956739426,52449,0.26572340726852417,0.46146896481513977,,
46,0.001733078621327877,52499,0.2948392629623413,0.36959636211395264,,
46,0.001731720520183444,52549,0.2636473476886749,0.364175021648407,,
46,0.0017303596250712872,52599,0.2849949598312378,0.3971859812736511,,
46,0.0017289957031607628,52649,0.29518112540245056,0.344296932220459,,
46,0.0017276289872825146,52699,0.3050655424594879,0.38265275955200195,,
46,0.0017262593610212207,52749,0.3083411157131195,0.3930657207965851,,
46,0.0017248868243768811,52799,0.2771931290626526,0.3466227054595947,,
46,0.0017235113773494959,52849,0.27244889736175537,0.41553056240081787,,
46,,52873,,,0.2898453176021576,0.39318281412124634
47,0.001722133019939065,52899,0.2694879174232483,0.35090333223342896,,
47,0.0017207518685609102,52949,0.2609606981277466,0.43242567777633667,,
47,0.0017193679232150316,52999,0.25760310888290405,0.49603283405303955,,
47,0.0017179809510707855,53049,0.2884976267814636,0.3374863862991333,,
47,0.0017165911849588156,53099,0.2532415986061096,0.43219682574272156,,
47,0.0017151986248791218,53149,0.34328246116638184,0.33868327736854553,,
47,0.0017138031544163823,53199,0.2605820298194885,0.3869750499725342,,
47,0.001712404889985919,53249,0.2934839725494385,0.3502039909362793,,
47,0.00171100371517241,53299,0.24470549821853638,0.4069630205631256,,
47,0.0017095997463911772,53349,0.26468032598495483,0.4632922112941742,,
47,0.0017081929836422205,53399,0.2688024044036865,0.40012532472610474,,
47,0.00170678342692554,53449,0.300407737493515,0.3665354251861572,,
47,0.0017053709598258138,53499,0.28331348299980164,0.42059779167175293,,
47,0.0017039558151736856,53549,0.27654868364334106,0.4112192988395691,,
47,0.0017025377601385117,53599,0.3270402252674103,0.44045206904411316,,
47,0.0017011170275509357,53649,0.2679910361766815,0.4018179476261139,,
47,0.0016996933845803142,53699,0.28205639123916626,0.4205470085144043,,
47,0.0016982669476419687,53749,0.31677573919296265,0.3402419686317444,,
47,0.0016968378331512213,53799,0.2903446555137634,0.3167479932308197,,
47,0.00169540592469275,53849,0.27590030431747437,0.31916049122810364,,
47,0.0016939712222665548,53899,0.29607921838760376,0.40166082978248596,,
47,0.0016925337258726358,53949,0.2835354208946228,0.39713504910469055,,
47,,53998,,,0.2911494970321655,0.392614483833313
48,0.0016910935519263148,53999,0.25650113821029663,0.38167816400527954,,
48,0.00168965058401227,54049,0.3160941004753113,0.30842456221580505,,
48,0.0016882048221305013,54099,0.28837332129478455,0.3652745187282562,,
48,0.0016867563826963305,54149,0.31811100244522095,0.3490642309188843,,
48,0.0016853052657097578,54199,0.29616665840148926,0.34839752316474915,,
48,0.0016838513547554612,54249,0.3023182451725006,0.3355116546154022,,
